"DESCRIPTION","DURATION IN MS","NAME","PARENT SUITE","START TIME","STATUS","STOP TIME","SUB SUITE","SUITE","TEST CLASS","TEST METHOD"
"","0","Update a user test","chromium","2026-09-30","skipped","2026-09-30","","api/users.api.spec.ts","",""
"","2509","@regression invalid login test with - - pw1234","chromium","2026-09-30","passed","2026-09-30","","loginpagefix.spec.ts","",""
"","2897","@smoke footers exist on product page","chromium","2026-09-30","passed","2026-09-30","","productpage.spec.ts","",""
"","399","@regression PUT API -- Update a user","chromium","2026-09-30","passed","2026-09-30","running e2e go rest crud api tests","api/users.api.sep.spec.ts","",""
"","1827","@regression DELETE - delete a user","chromium","2026-09-30","passed","2026-09-30","","api/users.api.indi.spec.ts","",""
"","0","home page headers exist test @junesprint","chromium","2026-09-30","skipped","2026-09-30","","homepage.spec.ts","",""
"","2865","@smoke comp logo exists on product page","chromium","2026-09-30","passed","2026-09-30","","search.spec.ts","",""
"","4167","@regression verify user is able to land on the product page - macbook - MacBook Pro","chromium","2026-09-30","passed","2026-09-30","","search.spec.ts","",""
"","3593","@regression login to app using wrong credentials with Data driven test","chromium","2026-09-30","passed","2026-09-30","","loginpagefix.spec.ts","",""
"","4329","@regression verify product Information/Data","chromium","2026-09-30","passed","2026-09-30","","productpage.spec.ts","",""
"","2593","@regression invalid login test with excel data - abccc@gmail.com","chromium","2026-09-30","passed","2026-09-30","","loginpagefix.spec.ts","",""
"","393","@smoke GET -- get all users","chromium","2026-09-30","passed","2026-09-30","","api/users.api.schema.spec.ts","",""
"","2558","invalid login test with JSON data - invalid@open.com","chromium","2026-09-30","passed","2026-09-30","","loginpagefix.spec.ts","",""
"","2620","@smoke intercept and log requests","chromium","2026-09-30","passed","2026-09-30","","api/intercept.spec.ts","",""
"","3343","@regression verify search results count - macbook - MacBook Air","chromium","2026-09-30","passed","2026-09-30","","search.spec.ts","",""
"","4810","@regression verify product images count","chromium","2026-09-30","passed","2026-09-30","","productpage.spec.ts","",""
"","1149","@regression PUT - update a user","chromium","2026-09-30","passed","2026-09-30","","api/users.api.indi.spec.ts","",""
"","358","mock search page with fake HTML","chromium","2026-09-30","passed","2026-09-30","","api/intercept.spec.ts","",""
"","0","forgot pwd link exist test","chromium","2026-09-30","skipped","2026-09-30","","loginpage.spec.ts","",""
"","0","Delete a user test","chromium","2026-09-30","skipped","2026-09-30","","api/users.api.spec.ts","",""
"","2099","@smoke footers exist on product page","chromium","2026-09-30","passed","2026-09-30","","loginpagefix.spec.ts","",""
"","2774","@smoke comp logo exists on product page","chromium","2026-09-30","passed","2026-09-30","","productpage.spec.ts","",""
"","2669","@smoke logout link exist test","chromium","2026-09-30","passed","2026-09-30","","homepagefix.spec.ts","",""
"","438","@regression GET -- get albums data","chromium","2026-09-30","failed","2026-09-30","","api/spotify.oauth2.spec.ts","",""
"","0","logout link exist test","chromium","2026-09-30","skipped","2026-09-30","","homepage.spec.ts","",""
"","2844","@regression invalid login test with - pwtestbatch@open.com -","chromium","2026-09-30","passed","2026-09-30","","loginpagefix.spec.ts","",""
"","1987","login page title test","chromium","2026-09-30","passed","2026-09-30","","loginpage.spec.ts","",""
"","3479","@regression verify search results count - macbook - MacBook Pro","chromium","2026-09-30","passed","2026-09-30","","search.spec.ts","",""
"","2585","invalid login test with JSON data - wrong@open.com","chromium","2026-09-30","passed","2026-09-30","","loginpagefix.spec.ts","",""
"","2658","@regression invalid login test with - invalid@open.com - wrong123","chromium","2026-09-30","passed","2026-09-30","","loginpagefix.spec.ts","",""
"","2889","@smoke user is able to login to app test","chromium","2026-09-30","passed","2026-09-30","","loginpagefix.spec.ts","",""
"","2835","@smoke home page title test","chromium","2026-09-30","passed","2026-09-30","","homepagefix.spec.ts","",""
"","0","user is able to login to app test","chromium","2026-09-30","skipped","2026-09-30","","loginpage.spec.ts","",""
"","799","@smoke GET -- get a user","chromium","2026-09-30","passed","2026-09-30","","api/users.api.schema.spec.ts","",""
"","2537","invalid login test with JSON data - pwbatchtest@open.com","chromium","2026-09-30","passed","2026-09-30","","loginpagefix.spec.ts","",""
"","2529","@regression invalid login test with excel data -","chromium","2026-09-30","passed","2026-09-30","","loginpagefix.spec.ts","",""
"","1950","@smoke comp logo exists on product page","chromium","2026-09-30","passed","2026-09-30","","loginpagefix.spec.ts","",""
"","3345","@regression verify search results count - imac - iMac","chromium","2026-09-30","passed","2026-09-30","","search.spec.ts","",""
"","2796","@smoke footers exist on product page","chromium","2026-09-30","passed","2026-09-30","","search.spec.ts","",""
"","1325","@regression POST - create a user","chromium","2026-09-30","passed","2026-09-30","","api/users.api.indi.spec.ts","",""
"","2483","@regression invalid login test with excel data - pwbatchtest@open.com","chromium","2026-09-30","passed","2026-09-30","","loginpagefix.spec.ts","",""
"","0","create a user test","chromium","2026-09-30","skipped","2026-09-30","","api/users.api.spec.ts","",""
"","2890","@regression home page headers exist test","chromium","2026-09-30","passed","2026-09-30","","homepagefix.spec.ts","",""
"","2018","@regression forgot pwd link exist test","chromium","2026-09-30","passed","2026-09-30","","loginpagefix.spec.ts","",""
"","402","@regression POST API -- create a user","chromium","2026-09-30","passed","2026-09-30","running e2e go rest crud api tests","api/users.api.sep.spec.ts","",""
"","2120","@smoke login page title test","chromium","2026-09-30","passed","2026-09-30","","loginpagefix.spec.ts","",""
"","0","get user test","chromium","2026-09-30","skipped","2026-09-30","","api/users.api.spec.ts","",""
"","4062","@regression verify user is able to land on the product page - macbook - MacBook Air","chromium","2026-09-30","passed","2026-09-30","","search.spec.ts","",""
"","4081","@regression verify user is able to land on the product page - imac - iMac","chromium","2026-09-30","passed","2026-09-30","","search.spec.ts","",""
"","394","@regression mock search data api","chromium","2026-09-30","passed","2026-09-30","","api/intercept.spec.ts","",""
"","399","@regression DELETE API -- Delete a user","chromium","2026-09-30","passed","2026-09-30","running e2e go rest crud api tests","api/users.api.sep.spec.ts","",""
"","398","@regression GET API -- get all users","chromium","2026-09-30","passed","2026-09-30","running e2e go rest crud api tests","api/users.api.sep.spec.ts","",""
"","1485","booking CRUD with token","chromium","2026-09-30","passed","2026-09-30","","api/booking.api.spec.ts","",""
